{
    "narwhal": {
        "name": "narwhal",
        "author": "Tom Robinson",
        "contributors": [
            "Kris Kowal",
            "George Mosochovitis",
            "Kevin Dangoor",
            "Hannes Wallnöfer"
        ],
        "main": "examples/narwhal",
        "githubName": "tlrobinson/narwhal",
        "location": "http://github.com/tlrobinson/narwhal/raw/master/package.json"
    },
    "jack": {
        "author": "Tom Robinson",
        "dependencies": [
            "narwhal"
        ],
        "js": "lib",
        "jars": [
            "jars/simple.jar"
        ],
        "githubName": "tlrobinson/jack",
        "location": "http://github.com/tlrobinson/jack/raw/master/package.json"
    },
    "nitro": {
        "name": "nitro",
        "author": "George Moschovitis",
        "email": "george-moschovitis@gmosx.com",
        "dependencies": [
            "jack"
        ],
        "js": "lib",
        "main": "examples/simple/jackconfig",
        "githubName": "gmosx/nitro",
        "location": "http://github.com/gmosx/nitro/raw/master/package.json"
    },
    "chiron": {
        "author": "Kris Kowal",
        "dependencies": [],
        "lib": "src",
        "githubName": "kriskowal/chiron",
        "location": "http://github.com/kriskowal/chiron/raw/master/package.json"
    },
    "narcissus": {
        "author": "Brendan Eich <brendan@mozilla.org>",
        "contributors": [
            "Kris Kowal <kris@cixar.com>"
        ],
        "license": "MPL 1.1/GPL 2.0/LGPL 2.1",
        "githubName": "kriskowal/narcissus",
        "location": "http://github.com/kriskowal/narcissus/raw/master/package.json"
    },
    "creolejs": {
        "author": "Ivan Fomichev",
        "contributors": [
            "Chris Purcell",
            "Kris Kowal"
        ],
        "js": "src",
        "githubName": "kriskowal/creolejs",
        "location": "http://github.com/kriskowal/creolejs/raw/master/package.json"
    },
    "browser": {
        "name": "browser",
        "author": "Tom Robinson",
        "dependencies": [],
        "js": "lib",
        "githubName": "tlrobinson/browserjs",
        "location": "http://github.com/tlrobinson/browserjs/raw/master/package.json"
    },
    "inspec": {
        "name": "inspec",
        "version": {
            "label": "0.1",
            "numeric": [
                0,
                1
            ],
            "status": "development"
        },
        "githubName": "aq1018/inspec",
        "location": "http://github.com/aq1018/inspec/raw/master/package.json"
    },
    "kupo_site": {
        "name": "kupo_site",
        "author": "Jan Varwig",
        "githubName": "janv/kupo",
        "location": "http://github.com/janv/kupo/raw/master/package.json"
    },
    "appengine-js": {
        "name": "appengine-js",
        "author": "George Moschovitis",
        "email": "george.moschovitis@gmail.com",
        "contributors": [],
        "js": "lib",
        "githubName": "gmosx/appenginejs",
        "location": "http://github.com/gmosx/appenginejs/raw/master/package.json"
    }
}